رقم_الطلب,التاريخ,الشهر,الربع,المنتج,الفئة,المنطقة,قناة_البيع,الكمية,سعر_الوحدة,التكلفة,الخصم_%,الإيراد,الربح,اسم_العميل
ORD-1000,2024-11-23,2024-11,Q4,آيفون 15,موبايل,القاهرة,أونلاين,1.0,26207.75,15376.97,0,26207.75,10830.78,عميل_76
ORD-1001,2024-08-04,2024-08,Q3,لابتوب Dell,لابتوب,القاهرة,فروع,1.0,13781.09,8060.55,10,12402.98,4342.43,عميل_92
ORD-1002,2024-11-28,2024-11,Q4,كاميرا Canon,كاميرات,الإسكندرية,تليفون,7.0,20769.94,13259.32,0,145389.57,52574.34,عميل_44
ORD-1003,2024-05-22,2024-05,Q2,سماعات Sony,إكسسوار,المنصورة,أونلاين,4.0,3820.05,2293.9,0,15280.2,6104.6,عميل_46
ORD-1004,2024-06-25,2024-06,Q2,هاردسك WD,تخزين,القاهرة,تليفون,5.0,1592.14,1049.95,10,7164.62,1914.87,عميل_11
ORD-1005,2024-10-09,2024-10,Q4,طابعة HP,طابعات,القاهرة,أونلاين,10.0,4846.91,2928.72,0,48469.07,19181.86,عميل_85
ORD-1006,2024-04-26,2024-04,Q2,طابعة HP,طابعات,الجيزة,تليفون,2.0,4819.79,3277.32,5,9157.59,2602.95,عميل_82
ORD-1007,2024-07-05,2024-07,Q3,سماعات Sony,إكسسوار,القاهرة,فروع,6.0,3398.69,2210.94,15,17333.32,4067.7,عميل_69
ORD-1008,2024-05-05,2024-05,Q2,سماعات Sony,إكسسوار,أسيوط,فروع,8.0,3415.62,2385.57,15,23226.21,4141.68,عميل_88
ORD-1009,2024-06-15,2024-06,Q2,لابتوب Dell,لابتوب,الجيزة,أونلاين,4.0,15965.41,10708.91,5,60668.55,17832.92,عميل_28
ORD-1010,2024-10-17,2024-10,Q4,كيبورد Logitech,إكسسوار,المنصورة,فروع,4.0,824.87,502.63,15,2804.56,794.04,عميل_34
ORD-1011,2024-03-12,2024-03,Q1,شاشة Samsung,شاشات,أسيوط,تليفون,9.0,8062.36,5337.7,5,68933.21,20893.87,عميل_47
ORD-1012,2024-04-22,2024-04,Q2,سماعات Sony,إكسسوار,الإسكندرية,فروع,9.0,3495.46,2318.77,0,31459.15,10590.18,عميل_88
ORD-1013,2024-08-04,2024-08,Q3,هاردسك WD,تخزين,أسيوط,موزعين,2.0,1465.43,936.97,5,2784.32,910.37,عميل_71
ORD-1014,2024-01-06,2024-01,Q1,آيفون 15,موبايل,القاهرة,موزعين,9.0,26254.39,17466.78,0,236289.5,79088.5,عميل_56
ORD-1015,2024-03-21,2024-03,Q1,جهاز iPad,تابلت,أسيوط,فروع,1.0,19633.74,13378.0,0,19633.74,6255.74,عميل_65
ORD-1016,2024-02-24,2024-02,Q1,طابعة HP,طابعات,أسيوط,أونلاين,9.0,4598.07,2634.36,0,41382.66,17673.46,عميل_77
ORD-1017,2024-06-14,2024-06,Q2,جهاز iPad,تابلت,الإسكندرية,أونلاين,1.0,16602.72,10035.47,0,16602.72,6567.26,عميل_31
ORD-1018,2024-10-17,2024-10,Q4,آيفون 15,موبايل,الإسكندرية,فروع,2.0,26159.54,17589.76,10,47087.17,11907.64,عميل_85
ORD-1019,2024-08-31,2024-08,Q3,كاميرا Canon,كاميرات,الإسكندرية,فروع,3.0,20966.25,14275.18,5,59753.81,16928.26,عميل_92
ORD-1020,2024-06-08,2024-06,Q2,ماوس Razer,إكسسوار,الإسكندرية,فروع,6.0,1185.14,743.84,0,7110.86,2647.83,عميل_9
ORD-1021,2024-06-22,2024-06,Q2,لابتوب Dell,لابتوب,القاهرة,أونلاين,10.0,15161.76,9677.24,0,151617.65,54845.25,عميل_30
ORD-1022,2024-02-04,2024-02,Q1,لابتوب Dell,لابتوب,,فروع,6.0,13712.57,8031.46,15,69934.12,21745.34,عميل_70
ORD-1023,2024-03-08,2024-03,Q1,هاردسك WD,تخزين,الإسكندرية,أونلاين,10.0,1491.8,996.07,5,14172.11,4211.46,عميل_13
ORD-1024,2024-12-03,2024-12,Q4,ماوس Razer,إكسسوار,القاهرة,أونلاين,6.0,1181.66,732.69,15,6026.46,1630.31,عميل_8
ORD-1025,2024-07-25,2024-07,Q3,كيبورد Logitech,إكسسوار,الإسكندرية,تليفون,2.0,759.79,439.56,5,1443.59,564.47,عميل_24
ORD-1026,2024-05-22,2024-05,Q2,جهاز iPad,تابلت,القاهرة,أونلاين,4.0,19348.15,10860.27,10,69653.34,26212.27,عميل_84
ORD-1027,2024-10-03,2024-10,Q4,لابتوب Dell,لابتوب,المنصورة,تليفون,2.0,16279.1,11025.91,0,32558.2,10506.39,عميل_62
ORD-1028,2024-04-19,2024-04,Q2,ماوس Razer,إكسسوار,الجيزة,تليفون,1.0,1119.51,616.09,5,1063.54,447.44,عميل_37
ORD-1029,2024-08-04,2024-08,Q3,كاميرا Canon,كاميرات,أسيوط,أونلاين,8.0,20481.11,12176.14,0,163848.85,66439.7,عميل_96
ORD-1030,2024-06-09,2024-06,Q2,لابتوب Dell,لابتوب,الإسكندرية,أونلاين,1.0,15252.53,9539.35,10,13727.28,4187.93,عميل_66
ORD-1031,2024-02-11,2024-02,Q1,سماعات Sony,إكسسوار,المنصورة,أونلاين,2.0,3566.52,2322.81,0,7133.05,2487.42,عميل_73
ORD-1032,2024-05-06,2024-05,Q2,هاردسك WD,تخزين,أسيوط,موزعين,10.0,1361.92,765.81,15,11576.34,3918.28,عميل_34
ORD-1033,2024-04-14,2024-04,Q2,كيبورد Logitech,إكسسوار,الجيزة,تليفون,4.0,762.5,434.34,15,2592.49,855.12,عميل_41
ORD-1034,2024-02-07,2024-02,Q1,لابتوب Dell,لابتوب,القاهرة,فروع,8.0,15363.48,9747.34,0,122907.82,44929.07,عميل_65
ORD-1035,2024-05-15,2024-05,Q2,سماعات Sony,إكسسوار,الجيزة,فروع,6.0,3766.6,2568.41,0,22599.63,7189.16,عميل_57
ORD-1036,2024-10-05,2024-10,Q4,طابعة HP,طابعات,القاهرة,موزعين,10.0,4935.47,3312.02,10,44419.21,11299.01,عميل_85
ORD-1037,2024-02-23,2024-02,Q1,سماعات Sony,إكسسوار,الإسكندرية,موزعين,5.0,3230.8,1828.81,10,14538.6,5394.54,عميل_37
ORD-1038,2024-11-05,2024-11,Q4,شاشة Samsung,شاشات,أسيوط,تليفون,6.0,7525.76,4855.13,0,45154.53,16023.73,عميل_33
ORD-1039,2024-01-27,2024-01,Q1,آيفون 15,موبايل,الإسكندرية,موزعين,7.0,26646.74,14831.92,0,186527.18,82703.73,عميل_21
ORD-1040,2024-08-14,2024-08,Q3,كاميرا Canon,كاميرات,الإسكندرية,أونلاين,7.0,22267.99,12621.08,15,132494.54,44147.01,عميل_48
ORD-1041,2024-10-25,2024-10,Q4,كاميرا Canon,كاميرات,القاهرة,موزعين,3.0,21691.06,12066.18,0,65073.18,28874.64,عميل_27
ORD-1042,2024-12-15,2024-12,Q4,شاشة Samsung,شاشات,أسيوط,فروع,2.0,7765.89,4923.44,5,14755.18,4908.31,عميل_31
ORD-1043,2024-03-24,2024-03,Q1,سماعات Sony,إكسسوار,المنصورة,فروع,7.0,3167.35,2091.99,0,22171.45,7527.55,عميل_35
ORD-1044,2024-03-22,2024-03,Q1,آيفون 15,موبايل,الإسكندرية,تليفون,7.0,26860.83,18232.84,0,188025.84,60395.97,عميل_45
ORD-1045,2024-06-05,2024-06,Q2,شاشة Samsung,شاشات,الجيزة,أونلاين,4.0,7237.86,4190.5,0,28951.45,12189.45,عميل_99
ORD-1046,2024-05-22,2024-05,Q2,كيبورد Logitech,إكسسوار,الجيزة,أونلاين,9.0,783.95,546.55,10,6349.98,1431.06,عميل_15
ORD-1047,2024-05-13,2024-05,Q2,سماعات Sony,إكسسوار,أسيوط,تليفون,10.0,3823.77,2255.34,0,38237.74,15684.36,عميل_45
ORD-1048,2024-06-09,2024-06,Q2,ماوس Razer,إكسسوار,الإسكندرية,موزعين,10.0,1316.22,746.75,10,11845.95,4378.44,عميل_6
ORD-1049,2024-12-28,2024-12,Q4,ماوس Razer,إكسسوار,الإسكندرية,موزعين,1.0,1204.78,808.38,15,1024.06,215.68,عميل_56
ORD-1050,2024-02-05,2024-02,Q1,كيبورد Logitech,إكسسوار,الجيزة,موزعين,10.0,770.23,521.6,15,6546.93,1330.93,عميل_86
ORD-1051,2024-07-28,2024-07,Q3,كيبورد Logitech,إكسسوار,المنصورة,تليفون,7.0,831.55,526.51,0,5820.87,2135.32,عميل_87
ORD-1052,2024-03-30,2024-03,Q1,هاردسك WD,تخزين,الجيزة,موزعين,10.0,1440.28,910.53,0,14402.85,5297.5,عميل_27
ORD-1053,2024-08-08,2024-08,Q3,هاردسك WD,تخزين,الإسكندرية,تليفون,10.0,1546.41,958.39,5,14690.91,5107.05,عميل_95
ORD-1054,2024-03-27,2024-03,Q1,آيفون 15,موبايل,القاهرة,فروع,5.0,25077.26,16173.36,0,125386.3,44519.52,عميل_87
ORD-1055,2024-06-07,2024-06,Q2,شاشة Samsung,شاشات,أسيوط,أونلاين,4.0,7435.77,4141.22,5,28255.91,11691.05,عميل_59
ORD-1056,2024-07-31,2024-07,Q3,هاردسك WD,تخزين,الإسكندرية,فروع,4.0,1565.5,951.2,5,5948.91,2144.13,عميل_84
ORD-1057,2024-12-18,2024-12,Q4,لابتوب Dell,لابتوب,أسيوط,تليفون,2.0,15835.26,9229.2,15,26919.94,8461.53,عميل_7
ORD-1058,2024-10-12,2024-10,Q4,شاشة Samsung,شاشات,أسيوط,موزعين,2.0,7930.34,5315.01,15,13481.58,2851.55,عميل_97
ORD-1059,2024-08-14,2024-08,Q3,هاردسك WD,تخزين,الإسكندرية,تليفون,9.0,1478.02,1013.96,5,12637.09,3511.41,عميل_58
ORD-1060,2024-05-12,2024-05,Q2,شاشة Samsung,شاشات,الإسكندرية,موزعين,5.0,8425.3,5292.73,15,35807.53,9343.87,عميل_57
ORD-1061,2024-02-09,2024-02,Q1,طابعة HP,طابعات,القاهرة,فروع,4.0,4294.54,2567.95,10,15460.36,5188.56,عميل_20
ORD-1062,2024-04-28,2024-04,Q2,ماوس Razer,إكسسوار,الجيزة,تليفون,3.0,1249.54,699.29,5,3561.19,1463.33,عميل_54
ORD-1063,2024-02-01,2024-02,Q1,شاشة Samsung,شاشات,القاهرة,تليفون,7.0,7823.16,5206.08,15,46547.82,10105.29,عميل_62
ORD-1064,2024-01-04,2024-01,Q1,كيبورد Logitech,إكسسوار,أسيوط,فروع,5.0,840.56,569.91,5,3992.64,1143.08,عميل_63
ORD-1065,2024-04-22,2024-04,Q2,طابعة HP,طابعات,المنصورة,فروع,7.0,4487.08,2729.62,15,26698.11,7590.79,عميل_60
ORD-1066,2024-03-06,2024-03,Q1,هاردسك WD,تخزين,القاهرة,أونلاين,9.0,1358.09,827.22,10,11000.53,3555.58,عميل_83
ORD-1067,2024-08-07,2024-08,Q3,سماعات Sony,إكسسوار,الإسكندرية,تليفون,8.0,3277.21,1930.35,0,26217.68,10774.85,عميل_42
ORD-1068,2024-06-21,2024-06,Q2,ماوس Razer,إكسسوار,القاهرة,تليفون,5.0,1260.48,850.56,0,6302.41,2049.62,عميل_3
ORD-1069,2024-10-03,2024-10,Q4,لابتوب Dell,لابتوب,القاهرة,أونلاين,6.0,14172.67,7940.84,15,72280.6,24635.54,عميل_32
ORD-1070,2024-04-12,2024-04,Q2,لابتوب Dell,لابتوب,القاهرة,فروع,10.0,13957.15,7940.68,15,118635.75,39228.91,عميل_60
ORD-1071,2024-12-24,2024-12,Q4,طابعة HP,طابعات,القاهرة,فروع,6.0,4201.01,2693.21,15,21425.15,5265.87,عميل_40
ORD-1072,2024-02-25,2024-02,Q1,هاردسك WD,تخزين,المنصورة,فروع,1.0,1628.67,1036.43,5,1547.23,510.8,عميل_10
ORD-1073,2024-10-30,2024-10,Q4,شاشة Samsung,شاشات,أسيوط,أونلاين,2.0,8315.51,4949.7,15,14136.36,4236.96,عميل_73
ORD-1074,2024-01-22,2024-01,Q1,كيبورد Logitech,إكسسوار,الجيزة,أونلاين,9.0,788.54,477.53,10,6387.18,2089.42,عميل_54
ORD-1075,2024-09-07,2024-09,Q3,آيفون 15,موبايل,الإسكندرية,تليفون,7.0,27303.94,17620.26,5,181571.19,58229.35,عميل_23
ORD-1076,2024-09-24,2024-09,Q3,طابعة HP,طابعات,المنصورة,تليفون,10.0,4777.38,3013.22,5,45385.1,15252.93,عميل_94
ORD-1077,2024-10-30,2024-10,Q4,طابعة HP,طابعات,الجيزة,تليفون,6.0,4816.54,3249.29,0,28899.25,9403.54,عميل_32
ORD-1078,2024-08-25,2024-08,Q3,هاردسك WD,تخزين,الجيزة,فروع,10.0,1550.46,930.99,5,14729.34,5419.47,عميل_63
ORD-1079,2024-04-18,2024-04,Q2,كيبورد Logitech,إكسسوار,الجيزة,أونلاين,5.0,774.45,528.21,15,3291.43,650.36,عميل_67
ORD-1080,2024-04-07,2024-04,Q2,آيفون 15,موبايل,المنصورة,تليفون,4.0,26100.37,16268.01,0,104401.49,39329.43,عميل_58
ORD-1081,2024-01-09,2024-01,Q1,آيفون 15,موبايل,أسيوط,موزعين,5.0,23607.98,15434.14,0,118039.91,40869.19,عميل_61
ORD-1082,2024-10-10,2024-10,Q4,كاميرا Canon,كاميرات,الجيزة,تليفون,6.0,21672.22,14344.63,0,130033.3,43965.52,عميل_35
ORD-1083,2024-06-05,2024-06,Q2,طابعة HP,طابعات,أسيوط,فروع,4.0,4158.59,2407.36,0,16634.36,7004.94,عميل_25
ORD-1084,2024-04-20,2024-04,Q2,جهاز iPad,تابلت,أسيوط,موزعين,5.0,18808.51,13099.96,10,84638.28,19138.5,عميل_13
ORD-1085,2024-04-09,2024-04,Q2,طابعة HP,طابعات,أسيوط,فروع,4.0,4374.79,2604.49,15,14874.3,4456.34,عميل_36
ORD-1086,2024-01-24,2024-01,Q1,لابتوب Dell,لابتوب,المنصورة,أونلاين,9.0,14376.41,9942.92,15,109979.54,20493.27,عميل_2
ORD-1087,2024-10-20,2024-10,Q4,طابعة HP,طابعات,الجيزة,تليفون,8.0,4480.84,2693.46,0,35846.74,14299.05,عميل_15
ORD-1088,2024-02-03,2024-02,Q1,ماوس Razer,إكسسوار,الإسكندرية,فروع,8.0,1097.78,707.43,0,8782.24,3122.82,عميل_73
ORD-1089,2024-06-04,2024-06,Q2,آيفون 15,موبايل,أسيوط,فروع,4.0,23092.26,15348.65,10,83132.13,21737.53,عميل_100
ORD-1090,2024-09-24,2024-09,Q3,ماوس Razer,إكسسوار,المنصورة,موزعين,8.0,1298.04,771.82,10,9345.9,3171.34,عميل_73
ORD-1091,2024-11-13,2024-11,Q4,لابتوب Dell,لابتوب,الإسكندرية,موزعين,10.0,16380.33,9253.0,0,163803.26,71273.25,عميل_85
ORD-1092,2024-02-11,2024-02,Q1,سماعات Sony,إكسسوار,المنصورة,تليفون,4.0,3271.67,1836.26,0,13086.68,5741.65,عميل_89
ORD-1093,2024-10-31,2024-10,Q4,جهاز iPad,تابلت,المنصورة,أونلاين,5.0,16317.5,9679.8,0,81587.52,33188.52,عميل_88
ORD-1094,2024-04-29,2024-04,Q2,طابعة HP,طابعات,القاهرة,فروع,10.0,4645.06,3205.33,5,44128.12,12074.83,عميل_83
ORD-1095,2024-03-17,2024-03,Q1,طابعة HP,طابعات,أسيوط,موزعين,3.0,4114.27,2365.25,0,12342.81,5247.07,عميل_57
ORD-1096,2024-03-04,2024-03,Q1,جهاز iPad,تابلت,أسيوط,تليفون,5.0,18719.04,12942.37,10,84235.69,19523.83,عميل_57
ORD-1097,2024-02-11,2024-02,Q1,هاردسك WD,تخزين,الجيزة,أونلاين,1.0,1616.83,1067.4,10,1455.14,387.75,عميل_12
ORD-1098,2024-04-27,2024-04,Q2,هاردسك WD,تخزين,,أونلاين,10.0,1635.24,1144.56,15,13899.51,2453.9,عميل_98
ORD-1099,2024-03-30,2024-03,Q1,جهاز iPad,تابلت,أسيوط,تليفون,9.0,18545.43,12748.33,0,166908.91,52173.9,عميل_82
ORD-1100,2024-09-08,2024-09,Q3,آيفون 15,موبايل,القاهرة,فروع,8.0,24239.81,14543.79,15,164830.68,48480.34,عميل_43
ORD-1101,2024-07-29,2024-07,Q3,جهاز iPad,تابلت,القاهرة,تليفون,5.0,18585.3,11338.29,10,83633.85,26942.38,عميل_12
ORD-1102,2024-06-10,2024-06,Q2,طابعة HP,طابعات,القاهرة,تليفون,6.0,4154.33,2766.29,10,22433.38,5835.62,عميل_53
ORD-1103,2024-01-28,2024-01,Q1,شاشة Samsung,شاشات,المنصورة,أونلاين,9.0,7778.85,5161.0,15,59508.18,13059.14,عميل_27
ORD-1104,2024-05-16,2024-05,Q2,كاميرا Canon,كاميرات,المنصورة,أونلاين,3.0,23881.76,14704.42,15,60898.49,16785.24,عميل_4
ORD-1105,2024-11-18,2024-11,Q4,هاردسك WD,تخزين,أسيوط,تليفون,4.0,1562.93,932.47,0,6251.74,2521.87,عميل_12
ORD-1106,2024-04-25,2024-04,Q2,آيفون 15,موبايل,المنصورة,موزعين,8.0,27235.3,17625.5,0,217882.43,76878.41,عميل_66
ORD-1107,2024-12-27,2024-12,Q4,طابعة HP,طابعات,المنصورة,فروع,7.0,4801.25,3346.65,0,33608.76,10182.22,عميل_50
ORD-1108,2024-04-07,2024-04,Q2,هاردسك WD,تخزين,الجيزة,تليفون,9.0,1573.89,897.87,0,14164.99,6084.2,عميل_44
ORD-1109,2024-09-16,2024-09,Q3,طابعة HP,طابعات,أسيوط,تليفون,1.0,4304.56,2560.28,10,3874.1,1313.82,عميل_20
ORD-1110,2024-08-16,2024-08,Q3,كاميرا Canon,كاميرات,المنصورة,تليفون,8.0,21318.55,13490.11,10,153493.53,45572.64,عميل_42
ORD-1111,2024-04-06,2024-04,Q2,شاشة Samsung,شاشات,القاهرة,موزعين,10.0,7812.75,5300.19,5,74221.16,21219.29,عميل_96
ORD-1112,2024-08-30,2024-08,Q3,ماوس Razer,إكسسوار,الإسكندرية,تليفون,7.0,1317.22,881.03,15,7837.46,1670.22,عميل_5
ORD-1113,2024-03-05,2024-03,Q1,كاميرا Canon,كاميرات,القاهرة,تليفون,10.0,21260.78,12013.5,5,201977.38,81842.36,عميل_2
ORD-1114,2024-03-14,2024-03,Q1,ماوس Razer,إكسسوار,الجيزة,تليفون,3.0,1097.96,732.59,0,3293.88,1096.11,عميل_84
ORD-1115,2024-02-11,2024-02,Q1,كيبورد Logitech,إكسسوار,المنصورة,أونلاين,9.0,780.8,466.53,15,5973.13,1774.38,عميل_80
ORD-1116,2024-02-05,2024-02,Q1,شاشة Samsung,شاشات,القاهرة,أونلاين,5.0,8795.88,5823.01,5,41780.44,12665.41,عميل_57
ORD-1117,2024-03-26,2024-03,Q1,طابعة HP,طابعات,الجيزة,موزعين,1.0,4091.39,2738.87,0,4091.39,1352.53,عميل_56
ORD-1118,2024-03-15,2024-03,Q1,شاشة Samsung,شاشات,الإسكندرية,فروع,9.0,7859.28,5126.37,0,70733.55,24596.17,عميل_11
ORD-1119,2024-11-08,2024-11,Q4,ماوس Razer,إكسسوار,الإسكندرية,فروع,10.0,1243.95,777.03,10,11195.57,3425.22,عميل_60
ORD-1120,2024-11-22,2024-11,Q4,طابعة HP,طابعات,الجيزة,فروع,8.0,4279.79,2359.92,5,32526.43,13647.08,عميل_10
ORD-1121,2024-08-14,2024-08,Q3,كيبورد Logitech,إكسسوار,الجيزة,تليفون,10.0,767.86,533.13,15,6526.85,1195.53,عميل_39
ORD-1122,2024-04-11,2024-04,Q2,ماوس Razer,إكسسوار,أسيوط,موزعين,8.0,1105.6,671.32,0,8844.77,3474.19,عميل_90
ORD-1123,2024-05-31,2024-05,Q2,لابتوب Dell,لابتوب,القاهرة,تليفون,7.0,14323.44,9093.8,15,85224.47,21567.87,عميل_37
ORD-1124,2024-04-27,2024-04,Q2,هاردسك WD,تخزين,الإسكندرية,أونلاين,6.0,1415.7,819.01,0,8494.21,3580.14,عميل_81
ORD-1125,2024-11-26,2024-11,Q4,لابتوب Dell,لابتوب,الإسكندرية,أونلاين,5.0,15865.83,8805.61,0,79329.16,35301.1,عميل_38
ORD-1126,2024-06-16,2024-06,Q2,ماوس Razer,إكسسوار,أسيوط,موزعين,3.0,1128.19,753.61,0,3384.57,1123.76,عميل_22
ORD-1127,2024-05-11,2024-05,Q2,جهاز iPad,تابلت,المنصورة,أونلاين,5.0,18887.61,11347.82,0,94438.07,37698.99,عميل_19
ORD-1128,2024-04-25,2024-04,Q2,ماوس Razer,إكسسوار,الجيزة,أونلاين,9.0,1167.79,780.78,0,10510.07,3483.01,عميل_59
ORD-1129,2024-07-07,2024-07,Q3,طابعة HP,طابعات,القاهرة,فروع,10.0,4392.92,2836.87,0,43929.23,15560.51,عميل_61
ORD-1130,2024-01-13,2024-01,Q1,هاردسك WD,تخزين,القاهرة,تليفون,9.0,1448.4,929.17,15,11080.27,2717.77,عميل_90
ORD-1131,2024-06-03,2024-06,Q2,ماوس Razer,إكسسوار,المنصورة,أونلاين,2.0,1113.55,770.51,0,2227.09,686.08,عميل_13
ORD-1132,2024-04-30,2024-04,Q2,كاميرا Canon,كاميرات,أسيوط,تليفون,3.0,21510.04,13027.59,15,54850.61,15767.82,عميل_76
ORD-1133,2024-03-20,2024-03,Q1,ماوس Razer,إكسسوار,القاهرة,موزعين,2.0,1280.09,822.26,0,2560.17,915.65,عميل_28
ORD-1134,2024-08-15,2024-08,Q3,جهاز iPad,تابلت,الجيزة,موزعين,4.0,19279.62,10891.12,15,65550.71,21986.23,عميل_8
ORD-1135,2024-07-22,2024-07,Q3,طابعة HP,طابعات,القاهرة,فروع,4.0,4921.39,3407.33,5,18701.27,5071.95,عميل_83
ORD-1136,2024-11-23,2024-11,Q4,هاردسك WD,تخزين,أسيوط,فروع,1.0,1365.17,819.14,0,1365.17,546.03,عميل_9
ORD-1137,2024-10-10,2024-10,Q4,شاشة Samsung,شاشات,الإسكندرية,أونلاين,10.0,7545.52,5134.38,0,75455.22,24111.39,عميل_36
ORD-1138,2024-03-15,2024-03,Q1,سماعات Sony,إكسسوار,القاهرة,فروع,9.0,3325.46,1916.04,15,25439.75,8195.35,عميل_2
ORD-1139,2024-07-02,2024-07,Q3,شاشة Samsung,شاشات,الإسكندرية,تليفون,10.0,7718.03,4446.64,0,77180.34,32713.9,عميل_68
ORD-1140,2024-02-28,2024-02,Q1,آيفون 15,موبايل,القاهرة,تليفون,8.0,24741.38,14951.36,10,178137.91,58527.04,عميل_65
ORD-1141,2024-04-23,2024-04,Q2,هاردسك WD,تخزين,أسيوط,موزعين,1.0,1568.17,1076.26,15,1332.95,256.69,عميل_59
ORD-1142,2024-11-25,2024-11,Q4,لابتوب Dell,لابتوب,القاهرة,تليفون,1.0,16495.76,11169.19,5,15670.97,4501.78,عميل_92
ORD-1143,2024-08-15,2024-08,Q3,آيفون 15,موبايل,الجيزة,موزعين,2.0,24110.56,13797.27,0,48221.12,20626.58,عميل_49
ORD-1144,2024-11-01,2024-11,Q4,كاميرا Canon,كاميرات,القاهرة,فروع,5.0,21796.35,13967.41,0,108981.74,39144.71,عميل_56
ORD-1145,2024-08-19,2024-08,Q3,شاشة Samsung,شاشات,القاهرة,موزعين,7.0,7742.29,4784.93,5,51486.23,17991.74,عميل_55
ORD-1146,2024-06-09,2024-06,Q2,طابعة HP,طابعات,القاهرة,أونلاين,6.0,4908.23,3205.19,5,27976.93,8745.79,عميل_11
ORD-1147,2024-02-17,2024-02,Q1,ماوس Razer,إكسسوار,أسيوط,أونلاين,2.0,1258.7,762.64,0,2517.4,992.12,عميل_76
ORD-1148,2024-10-14,2024-10,Q4,كاميرا Canon,كاميرات,المنصورة,أونلاين,6.0,22748.06,13913.2,15,116015.1,32535.92,عميل_37
ORD-1149,2024-11-03,2024-11,Q4,طابعة HP,طابعات,المنصورة,فروع,6.0,4143.24,2594.13,0,24859.44,9294.65,عميل_14
ORD-1150,2024-06-28,2024-06,Q2,كاميرا Canon,كاميرات,المنصورة,أونلاين,6.0,20305.5,12016.49,0,121832.97,49734.02,عميل_78
ORD-1151,2024-12-02,2024-12,Q4,طابعة HP,طابعات,,موزعين,1.0,4212.37,2760.81,0,4212.37,1451.56,عميل_1
ORD-1152,2024-04-02,2024-04,Q2,سماعات Sony,إكسسوار,القاهرة,أونلاين,10.0,3610.14,2023.26,15,30686.2,10453.6,عميل_96
ORD-1153,2024-09-28,2024-09,Q3,شاشة Samsung,شاشات,الجيزة,موزعين,7.0,7871.73,4731.97,0,55102.12,21978.34,عميل_100
ORD-1154,2024-10-17,2024-10,Q4,هاردسك WD,تخزين,القاهرة,أونلاين,2.0,1615.0,925.94,10,2907.0,1055.12,عميل_35
ORD-1155,2024-08-14,2024-08,Q3,ماوس Razer,إكسسوار,أسيوط,أونلاين,8.0,1225.7,750.28,0,9805.59,3803.32,عميل_45
ORD-1156,2024-08-08,2024-08,Q3,آيفون 15,موبايل,الجيزة,أونلاين,5.0,25891.09,16543.63,10,116509.9,33791.74,عميل_29
ORD-1157,2024-07-21,2024-07,Q3,هاردسك WD,تخزين,الإسكندرية,موزعين,1.0,1352.31,804.91,0,1352.31,547.4,عميل_38
ORD-1158,2024-06-16,2024-06,Q2,آيفون 15,موبايل,المنصورة,فروع,1.0,24986.93,15356.92,0,24986.93,9630.01,عميل_65
ORD-1159,2024-10-13,2024-10,Q4,كيبورد Logitech,إكسسوار,القاهرة,تليفون,2.0,783.53,518.15,5,1488.71,452.4,عميل_10
ORD-1160,2024-06-09,2024-06,Q2,هاردسك WD,تخزين,الجيزة,أونلاين,7.0,1522.02,999.09,5,10121.43,3127.79,عميل_52
ORD-1161,2024-01-11,2024-01,Q1,كيبورد Logitech,إكسسوار,الجيزة,أونلاين,3.0,848.21,545.16,15,2162.94,527.45,عميل_56
ORD-1162,2024-02-24,2024-02,Q1,شاشة Samsung,شاشات,الجيزة,موزعين,7.0,8142.19,5118.14,5,54145.59,18318.63,عميل_29
ORD-1163,2024-06-19,2024-06,Q2,سماعات Sony,إكسسوار,الإسكندرية,موزعين,2.0,3507.34,1989.03,10,6313.21,2335.16,عميل_45
ORD-1164,2024-11-26,2024-11,Q4,سماعات Sony,إكسسوار,أسيوط,فروع,4.0,3221.96,1895.79,0,12887.85,5304.7,عميل_98
ORD-1165,2024-12-01,2024-12,Q4,آيفون 15,موبايل,أسيوط,تليفون,3.0,27256.46,17558.4,5,77680.91,25005.71,عميل_88
ORD-1166,2024-10-16,2024-10,Q4,هاردسك WD,تخزين,المنصورة,أونلاين,6.0,1609.27,1036.51,0,9655.64,3436.61,عميل_61
ORD-1167,2024-08-14,2024-08,Q3,طابعة HP,طابعات,الجيزة,تليفون,5.0,4582.28,2762.16,0,22911.39,9100.6,عميل_58
ORD-1168,2024-01-20,2024-01,Q1,لابتوب Dell,لابتوب,أسيوط,تليفون,6.0,15995.09,8981.4,0,95970.54,42082.16,عميل_60
ORD-1169,2024-10-24,2024-10,Q4,كاميرا Canon,كاميرات,الإسكندرية,موزعين,1.0,21778.83,14623.88,15,18512.0,3888.12,عميل_78
ORD-1170,2024-08-31,2024-08,Q3,كاميرا Canon,كاميرات,القاهرة,فروع,3.0,24013.98,14830.52,0,72041.94,27550.39,عميل_6
ORD-1171,2024-05-06,2024-05,Q2,جهاز iPad,تابلت,الجيزة,موزعين,8.0,18086.65,11602.06,0,144693.17,51876.73,عميل_50
ORD-1172,2024-07-28,2024-07,Q3,كيبورد Logitech,إكسسوار,القاهرة,موزعين,10.0,728.38,469.54,0,7283.78,2588.42,عميل_13
ORD-1173,2024-10-12,2024-10,Q4,ماوس Razer,إكسسوار,الإسكندرية,موزعين,5.0,1140.48,772.94,10,5132.16,1267.44,عميل_11
ORD-1174,2024-10-25,2024-10,Q4,سماعات Sony,إكسسوار,المنصورة,فروع,6.0,3367.16,2183.3,15,17172.53,4072.75,عميل_77
ORD-1175,2024-12-28,2024-12,Q4,آيفون 15,موبايل,الإسكندرية,أونلاين,5.0,25294.61,16353.57,0,126473.05,44705.19,عميل_83
ORD-1176,2024-12-09,2024-12,Q4,ماوس Razer,إكسسوار,الإسكندرية,موزعين,9.0,1166.84,705.23,0,10501.55,4154.52,عميل_99
ORD-1177,2024-09-05,2024-09,Q3,شاشة Samsung,شاشات,القاهرة,أونلاين,4.0,8799.96,5044.51,0,35199.85,15021.83,عميل_85
ORD-1178,2024-06-21,2024-06,Q2,هاردسك WD,تخزين,أسيوط,فروع,3.0,1529.17,876.43,0,4587.52,1958.24,عميل_93
ORD-1179,2024-08-12,2024-08,Q3,لابتوب Dell,لابتوب,أسيوط,موزعين,7.0,14592.9,9601.22,5,97042.77,29834.23,عميل_97
ORD-1180,2024-08-17,2024-08,Q3,شاشة Samsung,شاشات,الإسكندرية,موزعين,9.0,7582.67,5268.74,5,64831.83,17413.18,عميل_87
ORD-1181,2024-10-19,2024-10,Q4,جهاز iPad,تابلت,أسيوط,تليفون,8.0,18969.98,12647.64,10,136583.85,35402.74,عميل_21
ORD-1182,2024-04-12,2024-04,Q2,هاردسك WD,تخزين,الجيزة,أونلاين,3.0,1611.9,899.16,5,4593.92,1896.43,عميل_92
ORD-1183,2024-09-21,2024-09,Q3,آيفون 15,موبايل,أسيوط,فروع,5.0,22919.38,13156.8,5,108867.03,43083.06,عميل_56
ORD-1184,2024-02-16,2024-02,Q1,شاشة Samsung,شاشات,القاهرة,تليفون,8.0,8615.41,5940.93,5,65477.1,17949.63,عميل_65
ORD-1185,2024-07-10,2024-07,Q3,شاشة Samsung,شاشات,الجيزة,أونلاين,7.0,8791.24,5329.57,0,61538.68,24231.66,عميل_92
ORD-1186,2024-11-28,2024-11,Q4,كيبورد Logitech,إكسسوار,الإسكندرية,تليفون,3.0,742.02,440.04,5,2114.75,794.63,عميل_58
ORD-1187,2024-11-11,2024-11,Q4,لابتوب Dell,لابتوب,أسيوط,تليفون,2.0,13557.01,7894.9,0,27114.02,11324.22,عميل_15
ORD-1188,2024-05-27,2024-05,Q2,شاشة Samsung,شاشات,أسيوط,تليفون,5.0,7394.96,4331.71,15,31428.57,9770.0,عميل_9
ORD-1189,2024-02-26,2024-02,Q1,جهاز iPad,تابلت,الإسكندرية,فروع,10.0,18129.79,11689.97,10,163168.14,46268.46,عميل_38
ORD-1190,2024-08-07,2024-08,Q3,لابتوب Dell,لابتوب,القاهرة,موزعين,10.0,14558.45,9253.34,0,145584.48,53051.05,عميل_9
ORD-1191,2024-09-26,2024-09,Q3,كاميرا Canon,كاميرات,المنصورة,تليفون,,23260.21,14564.23,0,209341.93,78263.86,عميل_6
ORD-1192,2024-11-21,2024-11,Q4,ماوس Razer,إكسسوار,الجيزة,فروع,6.0,1140.88,630.26,0,6845.26,3063.69,عميل_94
ORD-1193,2024-12-02,2024-12,Q4,آيفون 15,موبايل,الجيزة,موزعين,10.0,26175.93,15702.36,0,261759.35,104735.73,عميل_83
ORD-1194,2024-03-30,2024-03,Q1,جهاز iPad,تابلت,المنصورة,أونلاين,8.0,18474.25,12409.61,0,147793.99,48517.12,عميل_38
ORD-1195,2024-04-13,2024-04,Q2,لابتوب Dell,لابتوب,أسيوط,تليفون,4.0,16157.37,9651.43,0,64629.48,26023.75,عميل_70
ORD-1196,2024-08-30,2024-08,Q3,طابعة HP,طابعات,القاهرة,موزعين,1.0,4727.96,2735.91,0,4727.96,1992.05,عميل_35
ORD-1197,2024-03-04,2024-03,Q1,كيبورد Logitech,إكسسوار,الجيزة,فروع,7.0,862.32,570.42,5,5734.41,1741.47,عميل_64
ORD-1198,2024-12-20,2024-12,Q4,جهاز iPad,تابلت,المنصورة,أونلاين,6.0,19527.52,12261.16,0,117165.11,43598.15,عميل_56
ORD-1199,2024-11-04,2024-11,Q4,سماعات Sony,إكسسوار,الجيزة,موزعين,9.0,3355.64,1897.24,0,30200.73,13125.55,عميل_58
ORD-1200,2024-11-04,2024-11,Q4,ماوس Razer,إكسسوار,الجيزة,تليفون,3.0,1245.54,750.73,0,3736.63,1484.44,عميل_36
ORD-1201,2024-11-23,2024-11,Q4,لابتوب Dell,لابتوب,الإسكندرية,أونلاين,2.0,15513.55,9477.72,10,27924.39,8968.96,عميل_19
ORD-1202,2024-11-07,2024-11,Q4,جهاز iPad,تابلت,الجيزة,موزعين,1.0,16654.43,9749.49,15,14156.26,4406.77,عميل_50
ORD-1203,2024-10-17,2024-10,Q4,لابتوب Dell,لابتوب,الجيزة,تليفون,10.0,13960.31,8620.33,0,139603.14,53399.82,عميل_98
ORD-1204,2024-02-09,2024-02,Q1,هاردسك WD,تخزين,الجيزة,فروع,3.0,1508.84,919.95,15,3847.54,1087.7,عميل_15
ORD-1205,2024-01-14,2024-01,Q1,سماعات Sony,إكسسوار,الجيزة,موزعين,8.0,3512.42,2413.14,0,28099.37,8794.22,عميل_91
ORD-1206,2024-08-16,2024-08,Q3,شاشة Samsung,شاشات,الإسكندرية,أونلاين,10.0,7656.92,5263.92,5,72740.77,20101.58,عميل_18
ORD-1207,2024-02-07,2024-02,Q1,جهاز iPad,تابلت,الجيزة,موزعين,3.0,19435.24,11987.01,0,58305.73,22344.7,عميل_91
ORD-1208,2024-02-03,2024-02,Q1,كاميرا Canon,كاميرات,الإسكندرية,موزعين,9.0,21077.59,12541.03,0,189698.35,76829.06,عميل_66
ORD-1209,2024-04-24,2024-04,Q2,آيفون 15,موبايل,القاهرة,موزعين,4.0,26460.33,15492.8,5,100549.25,38578.06,عميل_71
ORD-1210,2024-10-20,2024-10,Q4,كيبورد Logitech,إكسسوار,القاهرة,أونلاين,8.0,848.59,536.94,10,6109.82,1814.3,عميل_40
ORD-1211,2024-07-22,2024-07,Q3,جهاز iPad,تابلت,القاهرة,فروع,9.0,17678.86,10809.12,10,143198.79,45916.69,عميل_41
ORD-1212,2024-11-24,2024-11,Q4,آيفون 15,موبايل,أسيوط,فروع,8.0,24829.17,15582.88,0,198633.33,73970.26,عميل_99
ORD-1213,2024-03-07,2024-03,Q1,ماوس Razer,إكسسوار,أسيوط,فروع,9.0,1298.57,725.01,0,11687.14,5162.07,عميل_39
ORD-1214,2024-03-25,2024-03,Q1,سماعات Sony,إكسسوار,الجيزة,أونلاين,6.0,3804.32,2221.04,10,20543.31,7217.08,عميل_33
ORD-1215,2024-04-10,2024-04,Q2,كاميرا Canon,كاميرات,القاهرة,فروع,5.0,20350.75,12117.32,10,91578.37,30991.78,عميل_76
ORD-1216,2024-10-24,2024-10,Q4,سماعات Sony,إكسسوار,الجيزة,أونلاين,3.0,3611.11,2376.46,10,9750.01,2620.64,عميل_4
ORD-1217,2024-02-11,2024-02,Q1,لابتوب Dell,لابتوب,المنصورة,أونلاين,10.0,14293.97,8313.68,10,128645.71,45508.95,عميل_64
ORD-1218,2024-11-17,2024-11,Q4,كاميرا Canon,كاميرات,المنصورة,موزعين,5.0,22624.39,13468.62,0,113121.96,45778.86,عميل_59
ORD-1219,2024-02-07,2024-02,Q1,لابتوب Dell,لابتوب,الجيزة,فروع,3.0,14818.82,9226.75,0,44456.45,16776.19,عميل_41
ORD-1220,2024-06-12,2024-06,Q2,كيبورد Logitech,إكسسوار,القاهرة,موزعين,7.0,740.92,448.69,10,4667.81,1526.99,عميل_31
ORD-1221,2024-08-26,2024-08,Q3,آيفون 15,موبايل,الجيزة,تليفون,5.0,24747.98,14134.35,0,123739.9,53068.13,عميل_79
ORD-1222,2024-08-02,2024-08,Q3,شاشة Samsung,شاشات,الجيزة,فروع,3.0,8501.56,5866.61,15,21678.99,4079.15,عميل_98
ORD-1223,2024-03-22,2024-03,Q1,جهاز iPad,تابلت,القاهرة,أونلاين,9.0,17880.53,12192.05,5,152878.57,43150.16,عميل_51
ORD-1224,2024-09-15,2024-09,Q3,جهاز iPad,تابلت,الجيزة,تليفون,4.0,16974.52,10234.52,0,67898.08,26960.0,عميل_77
ORD-1225,2024-11-30,2024-11,Q4,جهاز iPad,تابلت,الإسكندرية,موزعين,5.0,18132.09,12276.8,5,86127.41,24743.42,عميل_94
ORD-1226,2024-07-06,2024-07,Q3,ماوس Razer,إكسسوار,الإسكندرية,موزعين,6.0,1090.86,608.34,10,5890.63,2240.58,عميل_71
ORD-1227,2024-05-27,2024-05,Q2,آيفون 15,موبايل,أسيوط,أونلاين,7.0,25021.28,16630.66,0,175148.94,58734.34,عميل_17
ORD-1228,2024-02-19,2024-02,Q1,ماوس Razer,إكسسوار,الإسكندرية,فروع,,1270.78,763.56,0,7624.65,3043.28,عميل_78
ORD-1229,2024-09-17,2024-09,Q3,ماوس Razer,إكسسوار,الجيزة,تليفون,9.0,1089.66,605.67,15,8335.91,2884.84,عميل_67
ORD-1230,2024-08-21,2024-08,Q3,سماعات Sony,إكسسوار,الجيزة,فروع,10.0,3775.19,2155.51,10,33976.73,12421.62,عميل_51
ORD-1231,2024-11-11,2024-11,Q4,طابعة HP,طابعات,المنصورة,موزعين,10.0,4352.74,2934.8,10,39174.62,9826.59,عميل_61
ORD-1232,2024-01-09,2024-01,Q1,كيبورد Logitech,إكسسوار,الجيزة,أونلاين,6.0,827.81,576.97,10,4470.17,1008.35,عميل_77
ORD-1233,2024-08-30,2024-08,Q3,طابعة HP,طابعات,المنصورة,فروع,10.0,4569.87,3007.93,10,41128.84,11049.49,عميل_68
ORD-1234,2024-11-18,2024-11,Q4,هاردسك WD,تخزين,أسيوط,أونلاين,7.0,1394.33,909.26,0,9760.33,3395.53,عميل_25
ORD-1235,2024-01-10,2024-01,Q1,جهاز iPad,تابلت,المنصورة,تليفون,6.0,17707.61,10836.07,0,106245.65,41229.26,عميل_95
ORD-1236,2024-02-01,2024-02,Q1,سماعات Sony,إكسسوار,المنصورة,تليفون,9.0,3295.14,1972.99,15,25207.81,7450.91,عميل_41
ORD-1237,2024-03-29,2024-03,Q1,جهاز iPad,تابلت,الجيزة,تليفون,9.0,17432.38,10514.22,15,133357.69,38729.73,عميل_25
ORD-1238,2024-05-06,2024-05,Q2,طابعة HP,طابعات,الجيزة,فروع,9.0,4318.65,2985.15,0,38867.84,12001.5,عميل_89
ORD-1239,2024-12-26,2024-12,Q4,جهاز iPad,تابلت,الجيزة,موزعين,6.0,17927.29,11367.21,15,91429.19,23225.9,عميل_16
ORD-1240,2024-10-20,2024-10,Q4,كاميرا Canon,كاميرات,الإسكندرية,موزعين,7.0,23741.35,14462.75,0,166189.42,64950.17,عميل_6
ORD-1241,2024-05-27,2024-05,Q2,آيفون 15,موبايل,المنصورة,فروع,6.0,27120.05,17584.53,15,138312.25,32805.09,عميل_26
ORD-1242,2024-10-02,2024-10,Q4,طابعة HP,طابعات,أسيوط,فروع,9.0,4676.55,2668.4,10,37880.09,13864.49,عميل_32
ORD-1243,2024-01-26,2024-01,Q1,كاميرا Canon,كاميرات,الجيزة,تليفون,4.0,22606.96,12611.83,5,85906.43,35459.13,عميل_13
ORD-1244,2024-12-14,2024-12,Q4,سماعات Sony,إكسسوار,المنصورة,تليفون,1.0,3825.16,2664.94,0,3825.16,1160.22,عميل_62
ORD-1245,2024-11-29,2024-11,Q4,شاشة Samsung,شاشات,أسيوط,فروع,5.0,7713.87,4989.98,0,38569.34,13619.43,عميل_69
ORD-1246,2024-01-20,2024-01,Q1,سماعات Sony,إكسسوار,المنصورة,تليفون,7.0,3767.57,2171.51,0,26373.0,11172.44,عميل_24
ORD-1247,2024-05-28,2024-05,Q2,لابتوب Dell,لابتوب,الجيزة,تليفون,1.0,14395.18,9218.92,0,14395.18,5176.25,عميل_83
ORD-1248,2024-10-05,2024-10,Q4,كاميرا Canon,كاميرات,المنصورة,موزعين,8.0,23712.74,13519.35,10,170731.76,62576.98,عميل_25
ORD-1249,2024-02-27,2024-02,Q1,كيبورد Logitech,إكسسوار,الإسكندرية,أونلاين,,836.98,541.73,15,2134.3,509.11,عميل_95
ORD-1250,2024-06-21,2024-06,Q2,طابعة HP,طابعات,المنصورة,تليفون,10.0,4656.96,2696.26,10,41912.65,14950.05,عميل_66
ORD-1251,2024-06-16,2024-06,Q2,آيفون 15,موبايل,المنصورة,موزعين,7.0,25846.28,14931.84,0,180923.95,76401.08,عميل_32
ORD-1252,2024-01-04,2024-01,Q1,طابعة HP,طابعات,الجيزة,أونلاين,7.0,4261.97,2825.96,0,29833.78,10052.09,عميل_34
ORD-1253,2024-11-30,2024-11,Q4,كيبورد Logitech,إكسسوار,الإسكندرية,تليفون,4.0,729.94,414.41,0,2919.76,1262.11,عميل_88
ORD-1254,2024-09-14,2024-09,Q3,طابعة HP,طابعات,أسيوط,فروع,2.0,4624.84,3196.21,0,9249.68,2857.27,عميل_29
ORD-1255,2024-03-09,2024-03,Q1,جهاز iPad,تابلت,المنصورة,تليفون,3.0,17837.92,12456.68,0,53513.77,16143.73,عميل_97
ORD-1256,2024-10-02,2024-10,Q4,شاشة Samsung,شاشات,أسيوط,تليفون,4.0,8288.55,5299.47,0,33154.19,11956.32,عميل_68
ORD-1257,2024-12-26,2024-12,Q4,كيبورد Logitech,إكسسوار,أسيوط,فروع,2.0,866.76,491.31,10,1560.17,577.55,عميل_74
ORD-1258,2024-10-01,2024-10,Q4,سماعات Sony,إكسسوار,الإسكندرية,تليفون,3.0,3379.68,2122.61,0,10139.05,3771.21,عميل_12
ORD-1259,2024-09-18,2024-09,Q3,جهاز iPad,تابلت,أسيوط,أونلاين,1.0,17832.36,11180.66,5,16940.74,5760.08,عميل_72
ORD-1260,2024-08-24,2024-08,Q3,طابعة HP,طابعات,الإسكندرية,أونلاين,,4406.35,2963.13,15,3745.4,782.27,عميل_6
ORD-1261,2024-08-04,2024-08,Q3,كيبورد Logitech,إكسسوار,المنصورة,أونلاين,2.0,806.59,450.91,0,1613.17,711.35,عميل_37
ORD-1262,2024-07-28,2024-07,Q3,سماعات Sony,إكسسوار,المنصورة,موزعين,3.0,3686.08,2568.28,15,9399.5,1694.68,عميل_49
ORD-1263,2024-08-17,2024-08,Q3,ماوس Razer,إكسسوار,الإسكندرية,موزعين,,1099.26,763.57,10,6925.34,1580.35,عميل_16
ORD-1264,2024-04-01,2024-04,Q2,كاميرا Canon,كاميرات,القاهرة,أونلاين,,22126.91,14585.59,0,154888.35,52789.25,عميل_39
ORD-1265,2024-08-25,2024-08,Q3,كاميرا Canon,كاميرات,المنصورة,موزعين,7.0,22140.51,14911.72,0,154983.56,50601.5,عميل_20
ORD-1266,2024-05-21,2024-05,Q2,شاشة Samsung,شاشات,القاهرة,فروع,2.0,7251.55,4706.47,10,13052.79,3639.85,عميل_27
ORD-1267,2024-02-04,2024-02,Q1,آيفون 15,موبايل,القاهرة,فروع,10.0,22667.88,14499.91,15,192676.99,47677.87,عميل_95
ORD-1268,2024-01-23,2024-01,Q1,ماوس Razer,إكسسوار,الإسكندرية,موزعين,8.0,1136.24,661.96,0,9089.93,3794.22,عميل_30
ORD-1269,2024-10-21,2024-10,Q4,كيبورد Logitech,إكسسوار,الإسكندرية,موزعين,10.0,815.67,530.9,0,8156.67,2847.66,عميل_19
ORD-1270,2024-12-04,2024-12,Q4,كاميرا Canon,كاميرات,أسيوط,فروع,4.0,21619.66,12783.13,10,77830.79,26698.29,عميل_81
ORD-1271,2024-12-13,2024-12,Q4,ماوس Razer,إكسسوار,المنصورة,موزعين,9.0,1198.95,834.28,15,9171.96,1663.43,عميل_90
ORD-1272,2024-08-01,2024-08,Q3,ماوس Razer,إكسسوار,المنصورة,فروع,3.0,1151.97,665.36,10,3110.33,1114.25,عميل_29
ORD-1273,2024-06-02,2024-06,Q2,سماعات Sony,إكسسوار,أسيوط,فروع,8.0,3790.32,2404.42,5,28806.42,9571.07,عميل_50
ORD-1274,2024-05-04,2024-05,Q2,طابعة HP,طابعات,الجيزة,أونلاين,4.0,4347.24,2442.54,5,16519.5,6749.34,عميل_69
ORD-1275,2024-04-07,2024-04,Q2,لابتوب Dell,لابتوب,القاهرة,فروع,5.0,14631.5,9375.07,0,73157.52,26282.17,عميل_98
ORD-1276,2024-10-27,2024-10,Q4,كاميرا Canon,كاميرات,الجيزة,أونلاين,4.0,21909.33,14907.57,0,87637.34,28007.05,عميل_28
ORD-1277,2024-04-07,2024-04,Q2,آيفون 15,موبايل,الإسكندرية,تليفون,8.0,27072.21,17714.53,15,184091.0,42374.73,عميل_31
ORD-1278,2024-10-09,2024-10,Q4,كيبورد Logitech,إكسسوار,الجيزة,موزعين,5.0,780.91,492.01,0,3904.53,1444.49,عميل_47
ORD-1279,2024-09-19,2024-09,Q3,جهاز iPad,تابلت,الجيزة,فروع,8.0,16554.99,11542.1,5,125817.92,33481.11,عميل_48
ORD-1280,2024-06-09,2024-06,Q2,ماوس Razer,إكسسوار,القاهرة,موزعين,1.0,1215.01,708.58,0,1215.01,506.43,عميل_71
ORD-1281,2024-10-26,2024-10,Q4,هاردسك WD,تخزين,المنصورة,فروع,7.0,1438.56,833.54,0,10069.9,4235.11,عميل_64
ORD-1282,2024-10-08,2024-10,Q4,كيبورد Logitech,إكسسوار,المنصورة,تليفون,5.0,842.14,524.9,15,3579.09,954.59,عميل_22
ORD-1283,2024-06-29,2024-06,Q2,سماعات Sony,إكسسوار,القاهرة,أونلاين,3.0,3654.22,2277.48,10,9866.39,3033.94,عميل_10
ORD-1284,2024-12-08,2024-12,Q4,لابتوب Dell,لابتوب,القاهرة,فروع,1.0,14737.18,9967.96,0,14737.18,4769.22,عميل_2
ORD-1285,2024-04-21,2024-04,Q2,كاميرا Canon,كاميرات,أسيوط,تليفون,8.0,21442.08,13780.3,15,145806.16,35563.79,عميل_85
ORD-1286,2024-09-06,2024-09,Q3,لابتوب Dell,لابتوب,أسيوط,موزعين,1.0,15096.64,9234.62,0,15096.64,5862.01,عميل_69
ORD-1287,2024-05-26,2024-05,Q2,لابتوب Dell,لابتوب,القاهرة,أونلاين,9.0,15939.47,10378.27,0,143455.24,50050.83,عميل_68
ORD-1288,2024-03-17,2024-03,Q1,شاشة Samsung,شاشات,الجيزة,تليفون,4.0,8191.65,4815.57,0,32766.6,13504.34,عميل_11
ORD-1289,2024-07-10,2024-07,Q3,ماوس Razer,إكسسوار,الجيزة,أونلاين,8.0,1215.6,849.14,0,9724.8,2931.69,عميل_84
ORD-1290,2024-11-28,2024-11,Q4,لابتوب Dell,لابتوب,القاهرة,أونلاين,2.0,14715.83,8926.26,5,27960.09,10107.56,عميل_90
ORD-1291,2024-03-28,2024-03,Q1,آيفون 15,موبايل,أسيوط,أونلاين,8.0,26726.65,17285.09,0,213813.19,75532.48,عميل_68
ORD-1292,2024-01-22,2024-01,Q1,شاشة Samsung,شاشات,المنصورة,موزعين,4.0,8642.04,5650.54,10,31111.33,8509.19,عميل_6
ORD-1293,2024-02-08,2024-02,Q1,طابعة HP,طابعات,القاهرة,فروع,9.0,4557.16,2528.93,0,41014.43,18254.08,عميل_76
ORD-1294,2024-03-14,2024-03,Q1,ماوس Razer,إكسسوار,المنصورة,موزعين,2.0,1151.83,730.94,10,2073.29,611.4,عميل_50
ORD-1295,2024-03-12,2024-03,Q1,آيفون 15,موبايل,المنصورة,فروع,9.0,26227.28,15785.65,0,236045.55,93974.71,عميل_10
ORD-1296,2024-06-23,2024-06,Q2,هاردسك WD,تخزين,القاهرة,موزعين,10.0,1636.46,997.43,0,16364.58,6390.28,عميل_58
ORD-1297,2024-09-08,2024-09,Q3,شاشة Samsung,شاشات,أسيوط,تليفون,6.0,8084.86,4901.96,0,48509.16,19097.38,عميل_11
ORD-1298,2024-11-12,2024-11,Q4,طابعة HP,طابعات,المنصورة,فروع,4.0,4691.8,2638.22,0,18767.19,8214.29,عميل_95
ORD-1299,2024-07-18,2024-07,Q3,كيبورد Logitech,إكسسوار,المنصورة,موزعين,6.0,737.05,405.95,0,4422.29,1986.58,عميل_98
ORD-1300,2024-05-18,2024-05,Q2,آيفون 15,موبايل,أسيوط,تليفون,3.0,22936.49,14097.84,10,61928.51,19634.99,عميل_14
ORD-1301,2024-01-14,2024-01,Q1,آيفون 15,موبايل,المنصورة,أونلاين,6.0,25271.1,16161.85,0,151626.59,54655.52,عميل_38
ORD-1302,2024-07-30,2024-07,Q3,ماوس Razer,إكسسوار,أسيوط,فروع,2.0,1253.96,794.93,0,2507.93,918.07,عميل_88
ORD-1303,2024-07-13,2024-07,Q3,سماعات Sony,إكسسوار,القاهرة,فروع,3.0,3338.24,1970.43,0,10014.73,4103.43,عميل_56
ORD-1304,2024-05-21,2024-05,Q2,ماوس Razer,إكسسوار,الإسكندرية,تليفون,5.0,1196.22,671.72,0,5981.08,2622.47,عميل_77
ORD-1305,2024-11-11,2024-11,Q4,شاشة Samsung,شاشات,الجيزة,تليفون,8.0,7371.16,4390.99,5,56020.78,20892.88,عميل_43
ORD-1306,2024-08-13,2024-08,Q3,كيبورد Logitech,إكسسوار,الإسكندرية,موزعين,7.0,850.48,577.41,10,5358.0,1316.13,عميل_42
ORD-1307,2024-11-04,2024-11,Q4,شاشة Samsung,شاشات,الجيزة,تليفون,8.0,7702.69,5350.95,0,61621.55,18813.91,عميل_74
ORD-1308,2024-05-04,2024-05,Q2,كيبورد Logitech,إكسسوار,القاهرة,فروع,7.0,764.85,510.83,0,5353.94,1778.15,عميل_76
ORD-1309,2024-10-06,2024-10,Q4,سماعات Sony,إكسسوار,الإسكندرية,تليفون,9.0,3168.84,2088.53,15,24241.64,5444.9,عميل_38
ORD-1310,2024-12-20,2024-12,Q4,آيفون 15,موبايل,الإسكندرية,موزعين,7.0,25864.89,14765.67,0,181054.22,77694.55,عميل_85
ORD-1311,2024-03-19,2024-03,Q1,ماوس Razer,إكسسوار,أسيوط,تليفون,7.0,1097.75,766.89,5,7300.05,1931.78,عميل_69
ORD-1312,2024-09-16,2024-09,Q3,ماوس Razer,إكسسوار,أسيوط,أونلاين,9.0,1088.82,757.02,15,8329.5,1516.32,عميل_14
ORD-1313,2024-05-07,2024-05,Q2,كيبورد Logitech,إكسسوار,المنصورة,موزعين,3.0,823.52,458.41,15,2099.98,724.75,عميل_56
ORD-1314,2024-02-24,2024-02,Q1,لابتوب Dell,لابتوب,أسيوط,فروع,2.0,14276.22,8945.5,10,25697.19,7806.19,عميل_58
ORD-1315,2024-07-10,2024-07,Q3,ماوس Razer,إكسسوار,الإسكندرية,موزعين,8.0,1265.36,807.67,10,9110.61,2649.28,عميل_4
ORD-1316,2024-09-04,2024-09,Q3,آيفون 15,موبايل,الإسكندرية,موزعين,5.0,24579.88,17064.81,0,122899.39,37575.36,عميل_40
ORD-1317,2024-06-24,2024-06,Q2,جهاز iPad,تابلت,المنصورة,تليفون,4.0,18076.01,10886.19,0,72304.05,28759.3,عميل_41
ORD-1318,2024-02-04,2024-02,Q1,طابعة HP,طابعات,القاهرة,فروع,1.0,4779.17,2711.04,0,4779.17,2068.12,عميل_95
ORD-1319,2024-05-04,2024-05,Q2,كاميرا Canon,كاميرات,المنصورة,فروع,3.0,22228.41,13329.23,5,63350.96,23363.27,عميل_52
ORD-1320,2024-11-18,2024-11,Q4,سماعات Sony,إكسسوار,أسيوط,فروع,3.0,3598.34,2212.33,0,10795.01,4158.02,عميل_58
ORD-1321,2024-10-30,2024-10,Q4,ماوس Razer,إكسسوار,القاهرة,أونلاين,7.0,1081.07,629.42,0,7567.48,3161.54,عميل_69
ORD-1322,2024-04-05,2024-04,Q2,كيبورد Logitech,إكسسوار,المنصورة,موزعين,6.0,751.53,426.19,15,3832.81,1275.68,عميل_77
ORD-1323,2024-07-17,2024-07,Q3,هاردسك WD,تخزين,أسيوط,فروع,7.0,1526.1,919.0,5,10148.57,3715.57,عميل_87
ORD-1324,2024-12-27,2024-12,Q4,طابعة HP,طابعات,القاهرة,فروع,10.0,4581.15,2981.49,0,45811.52,15996.62,عميل_40
ORD-1325,2024-02-29,2024-02,Q1,سماعات Sony,إكسسوار,أسيوط,فروع,6.0,3635.41,2278.03,5,20721.81,7053.62,عميل_74
ORD-1326,2024-07-15,2024-07,Q3,ماوس Razer,إكسسوار,الإسكندرية,فروع,3.0,1196.8,754.71,15,3051.84,787.71,عميل_63
ORD-1327,2024-05-27,2024-05,Q2,سماعات Sony,إكسسوار,الجيزة,أونلاين,3.0,3370.21,2081.61,0,10110.62,3865.79,عميل_63
ORD-1328,2024-03-10,2024-03,Q1,شاشة Samsung,شاشات,المنصورة,تليفون,7.0,8742.13,5470.96,5,58135.14,19838.42,عميل_54
ORD-1329,2024-12-29,2024-12,Q4,جهاز iPad,تابلت,الجيزة,أونلاين,8.0,16802.11,10666.14,0,134416.9,49087.75,عميل_36
ORD-1330,2024-04-25,2024-04,Q2,كاميرا Canon,كاميرات,المنصورة,أونلاين,5.0,20540.12,12706.08,15,87295.51,23765.1,عميل_74
ORD-1331,2024-02-28,2024-02,Q1,طابعة HP,طابعات,المنصورة,فروع,9.0,4790.95,2898.67,0,43118.59,17030.58,عميل_55
ORD-1332,2024-02-22,2024-02,Q1,شاشة Samsung,شاشات,الجيزة,أونلاين,5.0,8599.7,4771.41,0,42998.48,19141.44,عميل_57
ORD-1333,2024-03-01,2024-03,Q1,شاشة Samsung,شاشات,,تليفون,4.0,8497.12,5422.77,0,33988.5,12297.43,عميل_22
ORD-1334,2024-11-11,2024-11,Q4,سماعات Sony,إكسسوار,الجيزة,موزعين,4.0,3719.47,2495.08,10,13390.1,3409.77,عميل_77
ORD-1335,2024-10-02,2024-10,Q4,سماعات Sony,إكسسوار,الجيزة,أونلاين,6.0,3835.3,2277.77,10,20710.62,7044.02,عميل_18
ORD-1336,2024-07-29,2024-07,Q3,لابتوب Dell,لابتوب,الإسكندرية,فروع,5.0,16101.14,9162.09,0,80505.71,34695.29,عميل_92
ORD-1337,2024-06-13,2024-06,Q2,شاشة Samsung,شاشات,المنصورة,تليفون,7.0,7983.13,5082.17,0,55881.94,20306.72,عميل_58
ORD-1338,2024-02-08,2024-02,Q1,آيفون 15,موبايل,المنصورة,تليفون,7.0,25078.07,14839.54,0,175546.47,71669.68,عميل_42
ORD-1339,2024-10-24,2024-10,Q4,لابتوب Dell,لابتوب,الجيزة,أونلاين,2.0,15692.8,9710.19,15,26677.75,7257.37,عميل_69
ORD-1340,2024-07-22,2024-07,Q3,شاشة Samsung,شاشات,الجيزة,موزعين,7.0,8519.76,5318.09,0,59638.29,22411.64,عميل_71
ORD-1341,2024-10-22,2024-10,Q4,سماعات Sony,إكسسوار,القاهرة,أونلاين,10.0,3746.7,2503.71,15,31846.91,6809.79,عميل_13
ORD-1342,2024-11-16,2024-11,Q4,جهاز iPad,تابلت,المنصورة,أونلاين,1.0,16647.25,11297.62,5,15814.89,4517.27,عميل_55
ORD-1343,2024-04-13,2024-04,Q2,سماعات Sony,إكسسوار,القاهرة,موزعين,5.0,3261.28,2249.99,0,16306.42,5056.48,عميل_33
ORD-1344,2024-02-12,2024-02,Q1,كيبورد Logitech,إكسسوار,الإسكندرية,تليفون,3.0,728.29,468.9,15,1857.13,450.43,عميل_84
ORD-1345,2024-02-16,2024-02,Q1,آيفون 15,موبايل,الإسكندرية,تليفون,1.0,23567.11,13237.43,10,21210.4,7972.97,عميل_2
ORD-1346,2024-01-05,2024-01,Q1,كيبورد Logitech,إكسسوار,المنصورة,أونلاين,2.0,878.1,538.58,0,1756.21,679.04,عميل_30
ORD-1347,2024-07-15,2024-07,Q3,آيفون 15,موبايل,الإسكندرية,تليفون,2.0,23016.01,13927.77,0,46032.02,18176.47,عميل_100
ORD-1348,2024-03-09,2024-03,Q1,سماعات Sony,إكسسوار,الإسكندرية,تليفون,2.0,3521.36,1941.22,15,5986.3,2103.86,عميل_45
ORD-1349,2024-04-19,2024-04,Q2,سماعات Sony,إكسسوار,القاهرة,أونلاين,7.0,3581.25,2207.33,0,25068.77,9617.44,عميل_18
ORD-1350,2024-03-04,2024-03,Q1,هاردسك WD,تخزين,الإسكندرية,موزعين,7.0,1455.46,894.25,0,10188.22,3928.49,عميل_83
ORD-1351,2024-02-13,2024-02,Q1,شاشة Samsung,شاشات,القاهرة,موزعين,9.0,8161.6,5371.78,0,73454.39,25108.4,عميل_27
ORD-1352,2024-09-22,2024-09,Q3,هاردسك WD,تخزين,القاهرة,فروع,9.0,1406.59,856.28,15,10760.44,3053.91,عميل_64
ORD-1353,2024-07-16,2024-07,Q3,آيفون 15,موبايل,القاهرة,موزعين,4.0,24997.91,15975.9,10,89992.49,26088.88,عميل_41
ORD-1354,2024-03-08,2024-03,Q1,ماوس Razer,إكسسوار,المنصورة,أونلاين,10.0,1181.01,746.34,0,11810.07,4346.66,عميل_3
ORD-1355,2024-10-27,2024-10,Q4,آيفون 15,موبايل,المنصورة,موزعين,1.0,23810.93,13238.26,0,23810.93,10572.67,عميل_81
ORD-1356,2024-12-30,2024-12,Q4,كاميرا Canon,كاميرات,أسيوط,فروع,7.0,21663.73,13222.28,15,128899.2,36343.26,عميل_36
ORD-1357,2024-02-12,2024-02,Q1,طابعة HP,طابعات,أسيوط,موزعين,2.0,4510.17,2618.06,0,9020.35,3784.22,عميل_51
ORD-1358,2024-10-27,2024-10,Q4,آيفون 15,موبايل,القاهرة,فروع,5.0,25993.38,17142.47,0,129966.9,44254.54,عميل_12
ORD-1359,2024-08-10,2024-08,Q3,آيفون 15,موبايل,الإسكندرية,أونلاين,8.0,25561.48,14269.81,15,173818.09,59659.63,عميل_2
ORD-1360,2024-12-28,2024-12,Q4,سماعات Sony,إكسسوار,أسيوط,موزعين,1.0,3264.68,2262.27,10,2938.21,675.94,عميل_22
ORD-1361,2024-07-09,2024-07,Q3,سماعات Sony,إكسسوار,الجيزة,تليفون,5.0,3663.06,2079.55,0,18315.28,7917.54,عميل_35
ORD-1362,2024-09-25,2024-09,Q3,آيفون 15,موبايل,المنصورة,تليفون,5.0,26061.62,16588.16,0,130308.08,47367.28,عميل_66
ORD-1363,2024-07-03,2024-07,Q3,لابتوب Dell,لابتوب,الجيزة,أونلاين,8.0,16078.08,9245.41,0,128624.63,54661.33,عميل_74
ORD-1364,2024-12-11,2024-12,Q4,آيفون 15,موبايل,الإسكندرية,أونلاين,4.0,26203.9,14422.24,0,104815.6,47126.64,عميل_61
ORD-1365,2024-07-05,2024-07,Q3,ماوس Razer,إكسسوار,أسيوط,تليفون,3.0,1122.95,779.39,0,3368.85,1030.7,عميل_29
ORD-1366,2024-06-13,2024-06,Q2,شاشة Samsung,شاشات,أسيوط,موزعين,7.0,8665.37,5181.81,0,60657.57,24384.93,عميل_16
ORD-1367,2024-09-14,2024-09,Q3,لابتوب Dell,لابتوب,المنصورة,أونلاين,3.0,14169.56,8889.5,0,42508.67,15840.17,عميل_60
ORD-1368,2024-05-24,2024-05,Q2,طابعة HP,طابعات,الإسكندرية,موزعين,6.0,4127.75,2553.06,0,24766.48,9448.12,عميل_73
ORD-1369,2024-06-04,2024-06,Q2,هاردسك WD,تخزين,الإسكندرية,فروع,4.0,1489.18,951.22,5,5658.88,1854.0,عميل_20
ORD-1370,2024-01-04,2024-01,Q1,ماوس Razer,إكسسوار,القاهرة,موزعين,1.0,1135.92,683.78,15,965.53,281.75,عميل_1
ORD-1371,2024-12-02,2024-12,Q4,ماوس Razer,إكسسوار,المنصورة,تليفون,5.0,1104.95,695.53,0,5524.74,2047.07,عميل_8
ORD-1372,2024-03-13,2024-03,Q1,طابعة HP,طابعات,المنصورة,موزعين,2.0,4089.51,2391.22,10,7361.12,2578.67,عميل_59
ORD-1373,2024-02-13,2024-02,Q1,هاردسك WD,تخزين,القاهرة,أونلاين,2.0,1501.63,969.42,5,2853.09,914.24,عميل_56
ORD-1374,2024-12-05,2024-12,Q4,سماعات Sony,إكسسوار,الجيزة,موزعين,4.0,3354.17,2272.91,5,12745.86,3654.21,عميل_58
ORD-1375,2024-05-19,2024-05,Q2,شاشة Samsung,شاشات,القاهرة,فروع,2.0,8709.69,4968.15,10,15677.44,5741.13,عميل_14
ORD-1376,2024-03-25,2024-03,Q1,جهاز iPad,تابلت,الإسكندرية,تليفون,8.0,17330.52,9845.65,0,138644.16,59878.95,عميل_40
ORD-1377,2024-08-25,2024-08,Q3,طابعة HP,طابعات,أسيوط,أونلاين,2.0,4131.38,2772.73,0,8262.76,2717.29,عميل_28
ORD-1378,2024-06-16,2024-06,Q2,سماعات Sony,إكسسوار,أسيوط,أونلاين,2.0,3647.81,2536.18,5,6930.84,1858.49,عميل_87
ORD-1379,2024-06-02,2024-06,Q2,طابعة HP,طابعات,أسيوط,فروع,3.0,4077.97,2490.25,5,11622.23,4151.47,عميل_13
ORD-1380,2024-08-24,2024-08,Q3,آيفون 15,موبايل,الإسكندرية,فروع,3.0,23107.27,12922.75,0,69321.8,30553.56,عميل_52
ORD-1381,2024-07-09,2024-07,Q3,آيفون 15,موبايل,القاهرة,أونلاين,10.0,25430.59,17486.44,0,254305.94,79441.54,عميل_26
ORD-1382,2024-11-26,2024-11,Q4,جهاز iPad,تابلت,القاهرة,أونلاين,3.0,16531.12,11193.08,0,49593.37,16014.13,عميل_60
ORD-1383,2024-01-26,2024-01,Q1,سماعات Sony,إكسسوار,القاهرة,تليفون,10.0,3453.21,2274.51,5,32805.49,10060.42,عميل_88
ORD-1384,2024-08-06,2024-08,Q3,سماعات Sony,إكسسوار,المنصورة,فروع,6.0,3300.3,1907.81,0,19801.81,8354.92,عميل_5
ORD-1385,2024-11-10,2024-11,Q4,هاردسك WD,تخزين,أسيوط,تليفون,10.0,1423.74,846.08,5,13525.49,5064.71,عميل_8
ORD-1386,2024-02-14,2024-02,Q1,طابعة HP,طابعات,الإسكندرية,أونلاين,7.0,4173.51,2420.3,10,26293.13,9351.04,عميل_49
ORD-1387,2024-07-02,2024-07,Q3,جهاز iPad,تابلت,أسيوط,موزعين,9.0,19013.17,11438.42,10,154006.65,51060.88,عميل_50
ORD-1388,2024-05-18,2024-05,Q2,سماعات Sony,إكسسوار,القاهرة,تليفون,1.0,3373.21,1966.09,0,3373.21,1407.13,عميل_68
ORD-1389,2024-07-02,2024-07,Q3,هاردسك WD,تخزين,الإسكندرية,موزعين,4.0,1642.19,927.87,15,5583.46,1871.97,عميل_69
ORD-1390,2024-01-29,2024-01,Q1,شاشة Samsung,شاشات,الإسكندرية,فروع,10.0,8554.41,5728.11,0,85544.08,28263.03,عميل_31
ORD-1391,2024-10-30,2024-10,Q4,كيبورد Logitech,إكسسوار,الجيزة,فروع,6.0,866.24,480.1,15,4417.81,1537.24,عميل_73
ORD-1392,2024-04-06,2024-04,Q2,جهاز iPad,تابلت,القاهرة,فروع,9.0,17312.59,10795.53,0,155813.32,58653.51,عميل_78
ORD-1393,2024-04-22,2024-04,Q2,لابتوب Dell,لابتوب,الإسكندرية,فروع,9.0,14933.97,8956.8,10,120965.13,40353.95,عميل_44
ORD-1394,2024-03-31,2024-03,Q1,كيبورد Logitech,إكسسوار,القاهرة,موزعين,,723.51,461.59,0,723.51,261.92,عميل_10
ORD-1395,2024-07-10,2024-07,Q3,ماوس Razer,إكسسوار,الإسكندرية,تليفون,10.0,1104.25,657.32,0,11042.48,4469.28,عميل_82
ORD-1396,2024-09-06,2024-09,Q3,كيبورد Logitech,إكسسوار,الجيزة,فروع,3.0,833.15,528.46,10,2249.5,664.11,عميل_86
ORD-1397,2024-10-28,2024-10,Q4,سماعات Sony,إكسسوار,الإسكندرية,أونلاين,7.0,3364.78,2198.12,0,23553.43,8166.57,عميل_90
ORD-1398,2024-10-20,2024-10,Q4,ماوس Razer,إكسسوار,الإسكندرية,أونلاين,10.0,1087.77,696.56,10,9789.95,2824.31,عميل_64
ORD-1399,2024-03-13,2024-03,Q1,كيبورد Logitech,إكسسوار,القاهرة,موزعين,2.0,758.08,528.65,0,1516.16,458.85,عميل_58
ORD-1400,2024-01-06,2024-01,Q1,طابعة HP,طابعات,القاهرة,أونلاين,4.0,4274.59,2394.49,0,17098.35,7520.38,عميل_7
ORD-1401,2024-07-16,2024-07,Q3,جهاز iPad,تابلت,المنصورة,موزعين,7.0,19688.77,13441.18,5,130930.3,36842.02,عميل_70
ORD-1402,2024-07-11,2024-07,Q3,آيفون 15,موبايل,الإسكندرية,فروع,8.0,26443.65,16836.89,15,179816.82,45121.68,عميل_58
ORD-1403,2024-02-07,2024-02,Q1,لابتوب Dell,لابتوب,القاهرة,موزعين,5.0,13560.23,7989.27,0,67801.17,27854.81,عميل_22
ORD-1404,2024-07-11,2024-07,Q3,سماعات Sony,إكسسوار,الجيزة,تليفون,2.0,3532.93,2419.06,0,7065.86,2227.74,عميل_91
ORD-1405,2024-01-16,2024-01,Q1,ماوس Razer,إكسسوار,القاهرة,موزعين,3.0,1225.76,754.0,0,3677.27,1415.27,عميل_27
ORD-1406,2024-04-07,2024-04,Q2,ماوس Razer,إكسسوار,الجيزة,موزعين,9.0,1253.29,826.54,0,11279.6,3840.75,عميل_31
ORD-1407,2024-02-19,2024-02,Q1,لابتوب Dell,لابتوب,القاهرة,موزعين,7.0,15215.31,10285.22,0,106507.17,34510.65,عميل_1
ORD-1408,2024-08-06,2024-08,Q3,آيفون 15,موبايل,الإسكندرية,أونلاين,5.0,26619.49,17136.66,5,126442.56,40759.27,عميل_4
ORD-1409,2024-04-15,2024-04,Q2,سماعات Sony,إكسسوار,الجيزة,تليفون,5.0,3833.94,2381.01,0,19169.7,7264.63,عميل_61
ORD-1410,2024-09-07,2024-09,Q3,طابعة HP,طابعات,المنصورة,موزعين,2.0,4627.68,2814.23,0,9255.36,3626.91,عميل_24
ORD-1411,2024-08-16,2024-08,Q3,لابتوب Dell,لابتوب,أسيوط,أونلاين,,14819.22,8736.08,0,74096.11,30415.7,عميل_20
ORD-1412,2024-12-22,2024-12,Q4,آيفون 15,موبايل,أسيوط,فروع,2.0,25840.71,17344.98,5,49097.34,14407.38,عميل_71
ORD-1413,2024-02-01,2024-02,Q1,ماوس Razer,إكسسوار,أسيوط,فروع,9.0,1180.47,744.08,5,10093.03,3396.28,عميل_61
ORD-1414,2024-06-02,2024-06,Q2,آيفون 15,موبايل,أسيوط,فروع,7.0,27013.89,17752.06,10,170187.48,45923.04,عميل_16
ORD-1415,2024-08-17,2024-08,Q3,سماعات Sony,إكسسوار,القاهرة,تليفون,3.0,3830.52,2571.31,0,11491.55,3777.63,عميل_11
ORD-1416,2024-12-15,2024-12,Q4,ماوس Razer,إكسسوار,الجيزة,موزعين,4.0,1319.34,849.77,10,4749.64,1350.57,عميل_94
ORD-1417,2024-02-04,2024-02,Q1,آيفون 15,موبايل,أسيوط,تليفون,7.0,25281.82,15998.54,0,176972.75,64982.95,عميل_2
ORD-1418,2024-12-24,2024-12,Q4,هاردسك WD,تخزين,الإسكندرية,فروع,10.0,1506.77,923.56,5,14314.3,5078.73,عميل_73
ORD-1419,2024-10-28,2024-10,Q4,هاردسك WD,تخزين,الجيزة,موزعين,2.0,1627.48,1032.48,0,3254.96,1190.0,عميل_53
ORD-1420,2024-05-15,2024-05,Q2,ماوس Razer,إكسسوار,الجيزة,تليفون,,1217.29,755.88,0,9738.28,3691.23,عميل_19
ORD-1421,2024-11-12,2024-11,Q4,هاردسك WD,تخزين,الإسكندرية,أونلاين,7.0,1361.63,930.59,0,9531.44,3017.31,عميل_96
ORD-1422,2024-08-31,2024-08,Q3,طابعة HP,طابعات,الجيزة,موزعين,6.0,4068.21,2736.31,0,24409.26,7991.4,عميل_63
ORD-1423,2024-12-22,2024-12,Q4,آيفون 15,موبايل,الجيزة,موزعين,4.0,23171.93,16130.74,5,88053.32,23530.36,عميل_94
ORD-1424,2024-08-01,2024-08,Q3,هاردسك WD,تخزين,المنصورة,موزعين,2.0,1406.38,818.1,5,2672.12,1035.92,عميل_8
ORD-1425,2024-09-20,2024-09,Q3,سماعات Sony,إكسسوار,أسيوط,أونلاين,2.0,3367.79,2108.3,0,6735.57,2518.97,عميل_23
ORD-1426,2024-04-08,2024-04,Q2,شاشة Samsung,شاشات,الإسكندرية,موزعين,1.0,7599.18,4699.85,0,7599.18,2899.34,عميل_48
ORD-1427,2024-08-25,2024-08,Q3,كاميرا Canon,كاميرات,الإسكندرية,موزعين,7.0,22595.8,12847.54,0,158170.62,68237.82,عميل_63
ORD-1428,2024-10-31,2024-10,Q4,جهاز iPad,تابلت,الجيزة,موزعين,3.0,19657.87,12211.22,10,53076.26,16442.59,عميل_21
ORD-1429,2024-05-12,2024-05,Q2,آيفون 15,موبايل,الإسكندرية,فروع,5.0,22637.25,12619.08,10,101867.64,38772.22,عميل_83
ORD-1430,2024-04-25,2024-04,Q2,شاشة Samsung,شاشات,القاهرة,تليفون,5.0,8242.54,5168.01,15,35030.79,9190.75,عميل_17
ORD-1431,2024-11-27,2024-11,Q4,سماعات Sony,إكسسوار,الجيزة,موزعين,10.0,3710.61,2165.38,10,33395.45,11741.64,عميل_55
ORD-1432,2024-07-11,2024-07,Q3,كيبورد Logitech,إكسسوار,أسيوط,تليفون,8.0,760.32,471.4,15,5170.17,1398.96,عميل_75
ORD-1433,2024-02-22,2024-02,Q1,لابتوب Dell,لابتوب,أسيوط,موزعين,9.0,16498.29,11465.86,0,148484.59,45291.84,عميل_39
ORD-1434,2024-12-16,2024-12,Q4,آيفون 15,موبايل,الجيزة,موزعين,8.0,22819.19,15933.59,15,155170.46,27701.73,عميل_34
ORD-1435,2024-12-01,2024-12,Q4,طابعة HP,طابعات,أسيوط,تليفون,4.0,4184.94,2782.23,0,16739.75,5610.81,عميل_85
ORD-1436,2024-06-12,2024-06,Q2,سماعات Sony,إكسسوار,المنصورة,تليفون,1.0,3608.78,2524.78,0,3608.78,1084.0,عميل_50
ORD-1437,2024-01-19,2024-01,Q1,هاردسك WD,تخزين,الإسكندرية,تليفون,10.0,1594.8,959.24,15,13555.84,3963.49,عميل_86
ORD-1438,2024-07-02,2024-07,Q3,كاميرا Canon,كاميرات,الإسكندرية,موزعين,5.0,23519.84,15901.67,10,105839.3,26330.96,عميل_13
ORD-1439,2024-08-29,2024-08,Q3,سماعات Sony,إكسسوار,الجيزة,أونلاين,5.0,3657.63,2318.41,0,18288.15,6696.12,عميل_29
ORD-1440,2024-06-30,2024-06,Q2,شاشة Samsung,شاشات,الجيزة,موزعين,5.0,7872.76,5377.3,0,39363.78,12477.27,عميل_60
ORD-1441,2024-03-01,2024-03,Q1,جهاز iPad,تابلت,القاهرة,تليفون,1.0,19319.02,12316.57,10,17387.11,5070.54,عميل_25
ORD-1442,2024-09-13,2024-09,Q3,آيفون 15,موبايل,الإسكندرية,فروع,7.0,25149.19,15390.45,0,176044.35,68311.18,عميل_44
ORD-1443,2024-07-28,2024-07,Q3,هاردسك WD,تخزين,القاهرة,تليفون,8.0,1392.97,946.32,0,11143.74,3573.14,عميل_43
ORD-1444,2024-11-19,2024-11,Q4,سماعات Sony,إكسسوار,الإسكندرية,فروع,6.0,3594.15,1979.32,0,21564.9,9688.96,عميل_74
ORD-1445,2024-03-22,2024-03,Q1,جهاز iPad,تابلت,المنصورة,تليفون,2.0,16665.86,10250.45,5,31665.14,11164.24,عميل_62
ORD-1446,2024-07-15,2024-07,Q3,لابتوب Dell,لابتوب,الجيزة,فروع,1.0,15101.35,9960.83,0,15101.35,5140.52,عميل_3
ORD-1447,2024-12-12,2024-12,Q4,لابتوب Dell,لابتوب,الإسكندرية,أونلاين,4.0,14178.8,9663.53,0,56715.19,18061.08,عميل_50
ORD-1448,2024-09-14,2024-09,Q3,هاردسك WD,تخزين,الجيزة,تليفون,5.0,1400.11,943.08,0,7000.53,2285.14,عميل_94
ORD-1449,2024-09-23,2024-09,Q3,هاردسك WD,تخزين,الجيزة,تليفون,9.0,1451.35,991.56,0,13062.15,4138.14,عميل_46
ORD-1450,2024-04-06,2024-04,Q2,سماعات Sony,إكسسوار,الإسكندرية,أونلاين,7.0,3163.39,1846.31,0,22143.71,9219.57,عميل_76
ORD-1451,2024-09-15,2024-09,Q3,سماعات Sony,إكسسوار,المنصورة,موزعين,2.0,3406.61,2206.06,0,6813.23,2401.11,عميل_99
ORD-1452,2024-09-30,2024-09,Q3,هاردسك WD,تخزين,القاهرة,أونلاين,1.0,1528.18,851.49,0,1528.18,676.69,عميل_89
ORD-1453,2024-02-29,2024-02,Q1,ماوس Razer,إكسسوار,الإسكندرية,فروع,8.0,1171.26,740.35,5,8901.58,2978.82,عميل_89
ORD-1454,2024-12-17,2024-12,Q4,لابتوب Dell,لابتوب,الجيزة,فروع,5.0,14762.61,8343.05,10,66431.76,24716.53,عميل_54
ORD-1455,2024-02-23,2024-02,Q1,كاميرا Canon,كاميرات,المنصورة,فروع,10.0,20318.03,11522.39,0,203180.32,87956.38,عميل_78
ORD-1456,2024-04-12,2024-04,Q2,طابعة HP,طابعات,الجيزة,فروع,9.0,4925.81,2973.65,5,42115.66,15352.78,عميل_6
ORD-1457,2024-10-07,2024-10,Q4,جهاز iPad,تابلت,القاهرة,أونلاين,4.0,18677.53,11619.29,0,74710.14,28232.99,عميل_86
ORD-1458,2024-02-15,2024-02,Q1,آيفون 15,موبايل,أسيوط,أونلاين,10.0,25845.11,14793.01,0,258451.1,110521.01,عميل_93
ORD-1459,2024-02-21,2024-02,Q1,طابعة HP,طابعات,,أونلاين,4.0,4461.08,3107.56,0,17844.3,5414.08,عميل_13
ORD-1460,2024-03-30,2024-03,Q1,لابتوب Dell,لابتوب,القاهرة,أونلاين,5.0,14580.64,9499.51,5,69258.06,21760.52,عميل_98
ORD-1461,2024-01-24,2024-01,Q1,لابتوب Dell,لابتوب,المنصورة,موزعين,3.0,15490.07,8915.72,0,46470.2,19723.03,عميل_94
ORD-1462,2024-02-17,2024-02,Q1,كيبورد Logitech,إكسسوار,الجيزة,تليفون,6.0,749.26,457.14,5,4270.78,1527.96,عميل_89
ORD-1463,2024-09-01,2024-09,Q3,ماوس Razer,إكسسوار,الإسكندرية,أونلاين,3.0,1107.13,724.54,0,3321.4,1147.79,عميل_54
ORD-1464,2024-10-29,2024-10,Q4,جهاز iPad,تابلت,الجيزة,أونلاين,10.0,18642.22,10760.08,5,177101.05,69500.21,عميل_88
ORD-1465,2024-03-07,2024-03,Q1,جهاز iPad,تابلت,القاهرة,موزعين,8.0,16606.57,10158.12,0,132852.6,51587.64,عميل_84
ORD-1466,2024-06-09,2024-06,Q2,لابتوب Dell,لابتوب,الإسكندرية,موزعين,,15802.59,10058.3,10,128000.95,37476.21,عميل_67
ORD-1467,2024-09-24,2024-09,Q3,هاردسك WD,تخزين,الجيزة,تليفون,2.0,1479.85,975.22,5,2811.72,861.28,عميل_20
ORD-1468,2024-10-12,2024-10,Q4,هاردسك WD,تخزين,المنصورة,تليفون,1.0,1353.49,934.12,10,1218.14,284.02,عميل_22
ORD-1469,2024-02-08,2024-02,Q1,جهاز iPad,تابلت,أسيوط,فروع,6.0,17067.21,11870.62,0,102403.26,31179.57,عميل_71
ORD-1470,2024-11-25,2024-11,Q4,ماوس Razer,إكسسوار,أسيوط,تليفون,7.0,1276.1,716.95,5,8486.1,3467.47,عميل_12
ORD-1471,2024-09-12,2024-09,Q3,جهاز iPad,تابلت,القاهرة,أونلاين,6.0,16627.34,10385.54,15,84799.46,22486.22,عميل_52
ORD-1472,2024-07-30,2024-07,Q3,لابتوب Dell,لابتوب,أسيوط,موزعين,9.0,15147.3,10207.56,10,122693.1,30825.1,عميل_66
ORD-1473,2024-10-14,2024-10,Q4,شاشة Samsung,شاشات,الإسكندرية,تليفون,8.0,8720.57,5271.6,0,69764.55,27591.78,عميل_43
ORD-1474,2024-10-13,2024-10,Q4,هاردسك WD,تخزين,المنصورة,أونلاين,10.0,1491.94,967.64,15,12681.49,3005.14,عميل_13
ORD-1475,2024-12-03,2024-12,Q4,شاشة Samsung,شاشات,أسيوط,موزعين,1.0,7746.17,5224.66,0,7746.17,2521.51,عميل_90
ORD-1476,2024-02-24,2024-02,Q1,لابتوب Dell,لابتوب,المنصورة,أونلاين,3.0,14977.27,10083.83,15,38192.03,7940.54,عميل_33
ORD-1477,2024-11-08,2024-11,Q4,شاشة Samsung,شاشات,المنصورة,فروع,4.0,7393.19,5011.32,0,29572.77,9527.49,عميل_92
ORD-1478,2024-06-22,2024-06,Q2,آيفون 15,موبايل,أسيوط,أونلاين,7.0,22732.5,14662.15,15,135258.39,32623.36,عميل_99
ORD-1479,2024-08-18,2024-08,Q3,جهاز iPad,تابلت,القاهرة,أونلاين,10.0,19642.29,11199.94,5,186601.71,74602.3,عميل_71
ORD-1480,2024-08-09,2024-08,Q3,هاردسك WD,تخزين,أسيوط,فروع,8.0,1627.31,1085.68,0,13018.49,4333.05,عميل_94
ORD-1481,2024-03-06,2024-03,Q1,آيفون 15,موبايل,أسيوط,تليفون,7.0,25787.61,16527.9,0,180513.26,64817.96,عميل_54
ORD-1482,2024-11-07,2024-11,Q4,شاشة Samsung,شاشات,المنصورة,فروع,5.0,7836.59,4713.15,0,39182.96,15617.2,عميل_18
ORD-1483,2024-07-30,2024-07,Q3,هاردسك WD,تخزين,أسيوط,فروع,9.0,1439.67,943.31,0,12957.07,4467.28,عميل_26
ORD-1484,2024-04-17,2024-04,Q2,هاردسك WD,تخزين,الإسكندرية,موزعين,5.0,1555.98,1070.79,0,7779.92,2425.94,عميل_91
ORD-1485,2024-02-29,2024-02,Q1,كيبورد Logitech,إكسسوار,المنصورة,موزعين,9.0,796.86,506.48,15,6095.97,1537.65,عميل_55
ORD-1486,2024-01-07,2024-01,Q1,كاميرا Canon,كاميرات,القاهرة,فروع,2.0,19911.2,11385.2,15,33849.04,11078.63,عميل_35
ORD-1487,2024-03-23,2024-03,Q1,طابعة HP,طابعات,الإسكندرية,أونلاين,5.0,4181.79,2338.89,0,20908.93,9214.46,عميل_46
ORD-1488,2024-08-19,2024-08,Q3,آيفون 15,موبايل,أسيوط,تليفون,10.0,26840.18,17739.31,0,268401.77,91008.63,عميل_31
ORD-1489,2024-09-18,2024-09,Q3,طابعة HP,طابعات,الجيزة,أونلاين,1.0,4883.84,2970.02,15,4151.26,1181.24,عميل_2
ORD-1490,2024-05-08,2024-05,Q2,شاشة Samsung,شاشات,الإسكندرية,موزعين,10.0,8590.16,5833.29,5,81606.52,23273.6,عميل_97
ORD-1491,2024-10-28,2024-10,Q4,كاميرا Canon,كاميرات,الجيزة,تليفون,10.0,20664.46,13612.45,0,206644.64,70520.13,عميل_23
ORD-1492,2024-12-15,2024-12,Q4,آيفون 15,موبايل,المنصورة,أونلاين,3.0,27312.38,18033.32,0,81937.13,27837.16,عميل_55
ORD-1493,2024-05-22,2024-05,Q2,كاميرا Canon,كاميرات,القاهرة,موزعين,5.0,20372.29,12989.33,0,101861.46,36914.81,عميل_60
ORD-1494,2024-12-29,2024-12,Q4,سماعات Sony,إكسسوار,أسيوط,موزعين,1.0,3257.59,1949.33,0,3257.59,1308.27,عميل_63
ORD-1495,2024-10-20,2024-10,Q4,كاميرا Canon,كاميرات,الإسكندرية,فروع,6.0,20120.68,13202.23,10,108651.65,29438.29,عميل_67
ORD-1496,2024-02-04,2024-02,Q1,كاميرا Canon,كاميرات,الجيزة,فروع,3.0,21630.1,13638.97,0,64890.29,23973.37,عميل_28
ORD-1497,2024-12-05,2024-12,Q4,كيبورد Logitech,إكسسوار,أسيوط,تليفون,6.0,777.73,453.23,10,4199.73,1480.33,عميل_72
ORD-1498,2024-11-28,2024-11,Q4,لابتوب Dell,لابتوب,أسيوط,فروع,2.0,15506.82,9565.38,15,26361.59,7230.83,عميل_6
ORD-1499,2024-12-15,2024-12,Q4,كيبورد Logitech,إكسسوار,الجيزة,موزعين,7.0,866.55,599.43,5,5762.55,1566.52,عميل_4
ORD-1361,2024-07-09,2024-07,Q3,سماعات Sony,إكسسوار,الجيزة,تليفون,5.0,3663.06,2079.55,0,18315.28,7917.54,عميل_35
ORD-1073,2024-10-30,2024-10,Q4,شاشة Samsung,شاشات,أسيوط,أونلاين,2.0,8315.51,4949.7,15,14136.36,4236.96,عميل_73
ORD-1374,2024-12-05,2024-12,Q4,سماعات Sony,إكسسوار,الجيزة,موزعين,4.0,3354.17,2272.91,5,12745.86,3654.21,عميل_58
ORD-1155,2024-08-14,2024-08,Q3,ماوس Razer,إكسسوار,أسيوط,أونلاين,8.0,1225.7,750.28,0,9805.59,3803.32,عميل_45
ORD-1104,2024-05-16,2024-05,Q2,كاميرا Canon,كاميرات,المنصورة,أونلاين,3.0,23881.76,14704.42,15,60898.49,16785.24,عميل_4
ORD-1394,2024-03-31,2024-03,Q1,كيبورد Logitech,إكسسوار,القاهرة,موزعين,,723.51,461.59,0,723.51,261.92,عميل_10
ORD-1377,2024-08-25,2024-08,Q3,طابعة HP,طابعات,أسيوط,أونلاين,2.0,4131.38,2772.73,0,8262.76,2717.29,عميل_28
ORD-1124,2024-04-27,2024-04,Q2,هاردسك WD,تخزين,الإسكندرية,أونلاين,6.0,1415.7,819.01,0,8494.21,3580.14,عميل_81
